interaction_id,query,t_suf,gold_passage,is_answer_bearing
02c16b07-4593-4cbc-aef9-7ad83307ef64,"who has more subscribers on youtube, mr. beast or pewdiepie?",1,"YouTube . All top three spots for the most subscribed channels are now occupied by brands or companies, much to the displeasure of many fans who believe the platform is becoming increasingly hostile to individual creators. However, both Mr Beast and PewDiePie still retain positions in the top five. With his recent meteoric rise on the platform, some predict Mr Beast will very shortly put even more space between his channel and PewDiePie’s – though it still remains to be seen if he will ever be able to dethrone T-series for the ultimate top spot. Share Facebook Twitter Email Whatsapp LinkedIn Pinterest Reddit Subscribe to our mailing list Subscribe We'll use the information you provide us to contact you via",
03201e9b-aab2-4171-9b17-711526235983,what was the price of hofv stock at the end of the last day?,1,"Skip to content Create Free Account Explore Alpha Picks Home Analysis News Market Data Investing Groups Explore Investing Groups Portfolios Find & Compare Top Stocks Top ETFs Stock Screener ETF Screener Comparisons Create Free Account Explore Alpha Picks Entering text into the input field will update the search result below Create free account Search for Symbols, analysts, keywords Log in HOFV Hall of Fame Resort & Entertainment Company Stock Price & Overview Follow $ 3.12 0.0033 ( +0.11% ) 10:21 AM 02/28/24 NASDAQ | $USD | Delayed Summary Ratings Financials Earnings Dividends Valuation Growth Profitability Momentum Peers Options Charting All Analysis Comments News Transcripts SEC Filings Press Releases Related Analysis Charts 1D 5D 1M 6M YTD 1Y 5Y 10Y MAX",
057ff5c5-79c7-40e1-a875-565a74e8da95,is leprechaun: back 2 tha hood how that movie was officially named at first?,3,"mean, ( Spoiler ) the Leprechaun gets shot by like 20 clover bullets and doesn’t die but gets thrown off a building into an open puddle of cement and that’s game over? This is the last we ever get to see of Davis as the lovable Leprechaun? Someone please write a worthy script for Warwick to return one last time in a 7th and finale movie. Yes, I said 7 – I am not counting the atrocity that was Leprechaun Origins . Although, in my humble opinion, they should rename Leprechaun: Back 2 tha Hood to Leprechaun: Back on tha Shel f. Share Facebook Twitter Stumbleupon LinkedIn Pinterest Tags Holiday Slasher Leprechaun Series Leprechaun: Back 2 tha Hood st. patrick's",
05b6bfd4-e39f-456a-a299-30f677ea6441,"in 2022, which basketball team had more overall wins, new york knicks or dallas mavericks?",3,2023-24 Team Comparison - Dallas Mavericks vs. New York Knicks Season: Select One 2023-2024 2022-2023 2021-2022 2020-2021 2019-2020 2018-2019 2017-2018 2016-2017 2015-2016 2014-2015 2013-2014 2012-2013 2011-2012 2010-2011 2009-2010 2008-2009 2007-2008 2006-2007 2005-2006 2004-2005 2003-2004 2002-2003 Teams: Select One Atlanta Hawks Boston Celtics Brooklyn Nets Charlotte Hornets Chicago Bulls Cleveland Cavaliers Dallas Mavericks Denver Nuggets Detroit Pistons Golden State Warriors Houston Rockets Indiana Pacers LA Clippers Los Angeles Lakers Memphis Grizzlies Miami Heat Milwaukee Bucks Minnesota Timberwolves New Orleans Pelicans New York Knicks Oklahoma City Thunder Orlando Magic Philadelphia 76ers Phoenix Suns Portland Trail Blazers Sacramento Kings San Antonio Spurs Toronto Raptors Utah Jazz Washington Wizards vs. Atlanta Hawks Boston Celtics Brooklyn Nets Charlotte Hornets Chicago Bulls Cleveland Cavaliers Dallas Mavericks,
096bba0f-0cc3-4c8f-b775-6dfb9b8b6786,can you tell me the original language of jane austen's mafia!?,9,"Saga (1977) The Sicilian (1987) The Offer (2022) Parodies Il figlioccio del padrino (1973) The Funny Face of the Godfather (1973) The Freshman (1990) The Godson (1998) Mafia! (1998) Category Retrieved from "" https://en.wikipedia.org/w/index.php?title=Mafia!&oldid=1209123715 "" Categories : 1998 films 1990s parody films 1990s crime comedy films American crime comedy films American parody films Films about the American Mafia Films directed by Jim Abrahams Films shot in California Films shot in Nevada Films scored by John Frizzell (composer) Mafia comedy films Parody films based on The Godfather Touchstone Pictures films Films with screenplays by Jim Abrahams 1998 comedy films Films set in Italy Films set in the Las Vegas Valley 1990s English-language films 1990s American films Hidden categories: Articles with short",
0cccde09-5d42-47ca-89ce-278a629792ec,how many laliga teams remain in the uefa champions league?,1,"play against Nashville? CHAMPIONS LEAGUE Arsenal - FC Porto live online: score, stats and updates | Champions League CHAMPIONS LEAGUE Barcelona - Napoli live online: score, stats & updates, Champions League CHAMPIONS LEAGUE Why is Pedri not playing for Barcelona against Napoli in the Champions League? INTERVIEW Michael Owen opens up on Erik ten Hag’s future and the problems facing Manchester United COPA AMERICA How Messi and Argentina shape up 100 days ahead of 2024 Copa América Subscribe to our newsletters AS - Daily News Weekend Schedule Showroom Subscribe Most viewed 1 AFC CHAMPIONS LEAGUE Al Nassr 4-3 (1-3 pens) Al Ain: summary, score, goals, highlights | AFC Champions League 2 CHAMPIONS LEAGUE What is the away goal rule in",
0d862391-3ab9-4049-a722-50c9d940d171,what is the name of dolly parton's non-profit organization?,1,"CHECK AVAILABILITY USER LOGIN DONATE ABOUT US Close LETTER FROM DOLLY Hi everybody. This is Dolly. Before he passed away, my Daddy told me the Imagination Library was... Read Full Letter DOLLY PARTON’S IMAGINATION LIBRARY MAILING LIST MEET OUR TEAM THE DOLLYWOOD FOUNDATION CHOOSE COUNTRY Close UNITED STATES UNITED KINGDOM REPUBLIC OF IRELAND CANADA AUSTRALIA NEWS & RESOURCES Close RESOURCES BRAND GUIDE COMMUNITY RESOURCES MAILING LIST MEDIA CENTER PARENT RESOURCES YEAR IN REVIEW RESEARCH LATEST NEWS Imagination Library Has Gifted Over 229 Million Free Books As Of January 2024 We’re excited to announce the Imagination Library books that will be distributed to children across Canada in 2024! Imagination Library Has Gifted Over 226 Million Free Books As Of December 2023",
0ea0cb68-313a-4759-b508-8a7a37360a38,"which law school has a longer history, monterey college of law or san joaquin college of law?",2,"Committee of Bar Examiners Cal Northern School of Law Purdue Global Law School Empire College School of Law Glendale University College of Law Humphreys College Laurence Drivon School of Law John F. Kennedy School of Law at National University Lincoln Law School of Sacramento Monterey College of Law Northwestern California University School of Law San Joaquin College of Law Santa Barbara College of Law St. Francis School of Law Thomas Jefferson School of Law Trinity Law School University of La Verne College of Law University of West Los Angeles Ventura College of Law Authority control databases ISNI Retrieved from "" https://en.wikipedia.org/w/index.php?title=Monterey_College_of_Law&oldid=1198003706 "" Categories : Law schools in California Universities and colleges established in 1972 Monterey, California Universities and colleges in",
0fad8c97-0237-45d4-acb8-5c7135c79f9e,how many marriages does president barack obama have?,2,Jump to content Main menu Main menu move to sidebar hide Navigation Main page Contents Current events Random article About Wikipedia Contact us Donate Contribute Help Learn to edit Community portal Recent changes Upload file Languages Language links are at the top of the page. Search Search Create account Log in Personal tools Create account Log in Pages for logged out editors learn more Contributions Talk Contents move to sidebar hide (Top) 1 Early life and career Toggle Early life and career subsection 1.1 Education 1.2 Family and personal life 1.3 Religious views 2 Legal career Toggle Legal career subsection 2.1 Civil rights attorney 3 Legislative career Toggle Legislative career subsection 3.1 Illinois Senate (1997–2004) 3.2 2004 U.S. Senate campaign,
129da772-7047-418c-9871-98801c6dbee8,"in 2016, which movie was distinguished for its visual effects at the oscars?",2,"technology. Directed by Jon Favreau, the movie was a live-action adaptation of Rudyard Kipling’s classic book, and it featured a cast of photorealistic animals that were created using cutting-edge CGI techniques. The team worked to create a seamless blend of computer-generated animals and real-life environments, resulting in a movie that was both visually stunning and emotionally resonant. The supervisors Robert Legato, Adam Valdez, Andrew R. Jones, and Dan Lemmon received the award. 2016 – Ex Machina Ex Machina is a science fiction film directed by Alex Garland that won the Best Visual Effects Oscar in 2016. The film follows a young programmer who is invited to the secluded home of a billionaire CEO to administer a Turing test on an",
12b1b450-914f-419d-9d6d-719916b18437,how many singles titles has karolina muchova won in 2024?,3,"Karolina Muchova Czechia Plays: Right Turned Pro: 2013 WTA Rank #11 Birth Date August 21, 1996 (Age: 27) Hometown Olomouc, Czech Republic Height 5-11 Weight 165 lbs. 2024 Stats SINGLES TITLES DOUBLES TITLES SINGLES W-L 0 0 0-0 Career 1 0 279-137 Go to Karolina Muchova Player Profile Results Videos Photos STATS YEAR PRIZE MONEY SINGLES TITLES DOUBLES TITLES SINGLES W-L 2024 $0 0 0 0-0 2023 $2,804,438 0 0 38-13 2022 $445,199 0 0 11-12 2021 $1,351,039 0 0 19-9 2020 $493,478 0 0 7-8 2019 $1,155,524 1 0 38-14 Career $6,509,545 1 0 279-137 KAROLINA MUCHOVA NEWS FEED 10th-ranked Muchova has surgery on right wrist Karolina Muchova, last year's runner-up at the French Open, had an operation on",
130aeafb-6a7d-4f5e-8a05-a7293b0fede7,who is currently ranked as the number one mens tennis player in the world?,1,"for the data-driven economy: nxt statista Prices & Access Business Solutions Academia and Government Statistics Popular Statistics Topics Markets Reports Market Insights Consumer Insights Company Insights eCommerce Insights Daily Data Services Content & Design Research projects Ask Statista Business Plan Export Statista R DE ES FR Sports & Recreation › Professional Sports Highest-ranked male tennis players worldwide 2024 Published by Statista Research Department , Feb 19, 2024 As of February 2024, Novak Djokovic topped the ATP ranking of male tennis players, ahead of Carlos Alcaraz and Daniil Medvedev in second and third place respectively. The Serbian has won a record 24 Grand Slam titles during his time in the sport. ATP Rankings The ATP Rankings is a merit-based method system",
132e5137-94f8-49eb-8177-3445f57a6fb1,is the nutcracker and the four realms the official name of that movie at first?,1,"that, they’re not scary. Do the laws of physics as defined by Sir Isaac Newton still apply within the Four Realms? Weirdly, yes! Time is wonky, and it’s possible bring toys to life within the realms (we’ll get to that in a second), but the movie is very insistent on the fact that Newtonian physics apply, because Clara is a budding STEM genius and has to solve problems by shouting about them. Despite this, The Nutcracker does not explain how the laws of physics allow Keira Knightley to fly. In this way, she is like the bees in Bee Movie . Wait, so is there magic in the Four Realms? Sort of! Though the movie focuses on the mechanical elements,",
15d28e34-405b-42a8-8a73-41fcb9584845,what is the latest stock price of gdtc that's available today?,1,"Building Credit Personal Loans for 580 Credit Score or Lower Personal Loans for 670 Credit Score or Lower Best Mortgages for Bad Credit Best Hardship Loans How to Boost Your Credit Score SELECT All Investing Best IRA Accounts Best Roth IRA Accounts Best Investing Apps Best Free Stock Trading Platforms Best Robo-Advisors Index Funds Mutual Funds ETFs Bonds USA INTL watch live Search quotes, news & videos Watchlist SIGN IN Markets Business Investing Tech Politics CNBC TV Watchlist Investing Club PRO Menu CytoMed Therapeutics Ltd GDTC : NASDAQ EXPORT WATCHLIST + RT Quote | Last NASDAQ LS, VOL From CTA | USD Last | 10:09 AM EST 2.16 +0.11 ( +5.37% ) Volume 1,071 52 week range 1.92 - 9.25",
16e777af-b6a2-4b0d-b792-110f21544752,"who has had a longer career in music, the beattles or elvis presley?",1,"Bowl Sgt. Pepper 50 News Archive 2021 Beatles News Archive 2020 Beatles News Archive 2019 Beatles News Archive 2018 Beatles News Archive 2017 Beatles News Archive 2016 Beatles Archive 2015 Beatles Archive 2014 Beatles Archive 2013 Beatles Archive 2012 Beatles Archive 2011 Beatles Archive 2010 Beatles Archive 2009 Beatles Archive Elvis vs. The Beatles Merchandise Beatles Las Vegas Beatles London Beatles Travel Hamburg Liverpool Los Angeles New York Beatles Las Vegas Red Carpet Events Global Exhibits Daytrippin' Beatles Magazine The Latest Beatles News, Travel, Biography and Discography Elvis vs. The Beatles “Before Elvis, there was nothing.” –John Lennon Elvis Presley and The Beatles (photoshopped together) If rock and roll had to be summed up in a phrase, it would be",
1a0a452e-1ed3-4645-adb4-4f89eb9fb089,which team did oklahoma city thunder take on in their matchup on 2022-10-13?,5,"Minnesota Timberwolves New Orleans Pelicans New York Knicks Orlando Magic Philadelphia 76ers Phoenix Suns Portland Trail Blazers Sacramento Kings San Antonio Spurs Toronto Raptors Utah Jazz Washington Wizards hidden 2023-24 2022-23 2021-22 2020-21 2019-20 2018-19 2017-18 2016-17 2015-16 2014-15 2013-14 2012-13 2011-12 2010-11 2009-10 2008-09 2007-08 2006-07 2005-06 2004-05 2003-04 2002-03 hidden Preseason Regular Season hidden Regular Season DATE OPPONENT RESULT W-L Hi Points Hi Rebounds Hi Assists Wed, Oct 25 @ Chicago W 124-104 1-0 Gilgeous-Alexander 31 Dort 7 Gilgeous-Alexander 10 Fri, Oct 27 @ Cleveland W 108-105 2-0 Gilgeous-Alexander 34 Holmgren 13 Giddey 6 Sun, Oct 29 vs Denver L 128-95 2-1 Holmgren 19 Dieng 5 Gilgeous-Alexander 7 Mon, Oct 30 vs Detroit W 124-112 3-1 Gilgeous-Alexander 32",
1da86af4-161f-45c9-abca-45d2b344a028,can you tell me who won the best actor award at the 1995 oscars for their performance in a movie?,4,"Good Will Hunting Robert Duvall Euliss ""Sonny"" Dewey / The Apostle E. F. The Apostle Peter Fonda Ulysses ""Ulee"" Jackson Ulee's Gold Dustin Hoffman Stanley Motss Wag the Dog 1998 (71st) Roberto Benigni ‡ Guido Orefice Life Is Beautiful [79] Tom Hanks Captain John H. Miller Saving Private Ryan Ian McKellen James Whale Gods and Monsters Nick Nolte Wade Whitehouse Affliction Edward Norton Derek Vinyard American History X 1999 (72nd) Kevin Spacey ‡ Lester Burnham American Beauty [80] Russell Crowe Jeffrey Wigand The Insider Richard Farnsworth Alvin Straight The Straight Story Sean Penn Emmet Ray Sweet and Lowdown Denzel Washington Rubin ""The Hurricane"" Carter The Hurricane 2000s [ edit ] Year Actor Role(s) Film Ref. 2000 (73rd) Russell Crowe ‡",
20fd78c1-c706-4f99-b9cc-20fa17e3566e,which company in the dow jones has performed the worst in the past 6 months?,5,for United Technologies. Here’s a full list of the current companies in the index: Company Market Cap (B) TTM Revenue (B) YTD Stock Performance American Express $81.1 $34.3 -21.0% Amgen $149.8 $23.1 3.0% Apple $1996 $273.9 55.0% Boeing $94.6 $66.6 -49.5% Caterpillar $81.2 $43.6 -0.2% Cisco Systems $167.2 $49.3 -18.5% Chevron $134.8 $115.0 -40.3% Goldman Sachs Group $69.3 $18.2 -14.4% Home Depot $299.2 $119.3 24.6% Honeywell International $116.6 $34.5 -7.1% IBM $109.1 $74.3 -9.8% Intel $221.5 $79.0 -14.5% Johnson & Johnson $392.2 $80.5 0.8% Coca-Cola $212.2 $34.3 -11.6% JPMorgan Chase $295.4 $76.3 -31.6% McDonald's $170.9 $19.1 10.7% 3M $93 $31.4 -9.4% Merck & Co. $209.9 $47.2 -10.0% Microsoft $1596.3 $143.0 31.4% Nike $196.4 $37.3 24.7% P&G $347.3 $71.0 9.9% The,
25119807-e54a-43cc-8cb3-5a8f7faa88ff,"on 2023-04-22, nets played against which team?",3,"113.4 (20th of 30) Opp PTS/G: 112.5 (10th of 30) SRS : 1.03 (14th of 30) Pace : 98.3 (21st of 30) Off Rtg : 115.0 (17th of 30) Def Rtg : 114.1 (13th of 30) Net Rtg : +0.9 (15th of 30) Expected W-L : 43-39 (15th of 30) Preseason Odds: Championship +700 , Over-Under 50.5 Arena: Barclays Center Attendance: 724,439 (16th of 30) NBA 2023 Playoffs : Lost NBA Eastern Conference First Round (0-4) versus Philadelphia 76ers ( Series Stats ) More Team Info Nets Franchise Index Roster & Stats Schedule & Results Transactions More 2022-23 Nets Pages Game Log Splits Lineups On/Off Starting Lineups Depth Charts Referees More 2022-23 Nets Pages Roster & Stats Schedule & Results",
287ce116-a9b0-4d30-9b6a-58e0c3d5afc1,"which artist has more number one singles in the uk, calvin harris or abba?",1,"Kim , Mýa and Pink , 900th number one "" Dirrty "" 2002 2 Christina Aguilera featuring Redman "" Beautiful "" 2003 2 A-ha Norway "" The Sun Always Shines on T.V. "" 1986 2 Akon Senegal / United States "" Lonely "" 2005 2 "" Smack That "" 2006 1 Akon featuring Eminem "" Sexy Bitch "" 2009 1 David Guetta featuring Akon Alesso Sweden "" Under Control "" 2013 1 Calvin Harris and Alesso featuring Hurts Alice Cooper United States "" School's Out "" 1972 3 All Saints England / Canada "" Never Ever "" 1998 1 "" Under the Bridge "" / "" Lady Marmalade "" 2 "" Bootie Call "" 1 800th number one "" Pure",
294bc587-4511-4770-a666-dcee5065df46,"during the time of 2023-01, how many of their games as home team did denver nuggets lose?",1,"record by month? The 2022-23 Denver Nuggets had their best month in January, when they went 12-4 and had a 75% win percentage. Their worst month was April, when they went 2-3 and had a 40% win percentage. Month Record Win Percentage % Point Diff erential October '22 4-3 57.1% -20 November '22 10-4 71.4% +69 December '22 9-5 64.3% +22 January '23 12-4 75% +129 February '23 9-3 75% +76 March '23 7-7 50% +10 April '23 2-3 40% -13 Did the 2022-23 Denver Nuggets Win The NBA Title? Yes, the 2022-23 Denver Nuggets won the NBA Title in 2023. They beat the Miami Heat. What was the point differential for the 2022-23 Denver Nuggets? The Denver Nuggets finished",
2a56eddc-9aa9-4377-86b3-f1e4283fa677,what is the total number of dividends that tnl has paid out in 2023?,2,"Followers Portfolio Dividend Data Last Ex-Dividend Date Dec 14, 2023 Payment date​ Dec 29, 2023 Dividend Amount Per Share $0.45 Quarterly Dividend Yield 4.35% Sector: Consumer Cyclical Sector Average: 0.992% Payout Ratio 25.51% Dividend Growth​ 3 years Since 2020 Analyst Consensus > Strong Buy Last 3 Months Open TNL in Dividend Calculator > Dividend Amount Per Share​ Daily Dividend Calendar > TNL Dividend Yield Range See TNL Stats & Charts > TNL Dividend History Ex-Date Amount Frequency Declaration Date Record Date Payment Date Dec 14, 2023 $0.45 Quarterly Nov 07, 2023 Dec 15, 2023 Dec 29, 2023 Sep 14, 2023 $0.45 Quarterly Aug 09, 2023 Sep 15, 2023 Sep 29, 2023 Jun 14, 2023 $0.45 Quarterly May 17, 2023 Jun",
2e03317d-d5d0-4814-8bb9-72dee71f5c52,"which wta player had a higher singles ranking to end last year, madison keys or daria kasatkina?",13,"2023 2023 Charleston WTA Staff Share this page Facebook Facebook Share via Facebook Twitter Twitter Share via Twitter WhatsApp WhatsApp Share via WhatsApp Copy Link Copy Link Share via copy URL copied 2019 champion Madison Keys and 2017 champion Daria Kasatkina will square off in a quarterfinal showdown at the Credit One Charleston Open on Friday, following victories in the Round of 16 on Thursday. No.9 seed Keys of the United States battled past No.8 seed Magda Linette of Poland 6-2, 3-6, 6-1 in the late match on Thursday night. Keys took a hair over two hours to grab her third win in four meetings with this year's Australian Open semifinalist Linette. Keys continued her strong run of success in",
31616f49-8b8e-432c-84a5-3fb8075cd6e1,"who directed the movie ""the social network""?",2,"Letterboxd — Your life in film Username Password Remember me Forgotten username or password ? × Search: Where to watch Trailer JustWatch The Social Network 2010 Directed by David Fincher Synopsis You don't get to 500 million friends without making a few enemies. On a fall night in 2003, Harvard undergrad and computer programming genius Mark Zuckerberg sits down at his computer and heatedly begins working on a new idea. In a fury of blogging and programming, what begins in his dorm room as a small site among friends soon becomes a global social network and a revolution in communication. A mere six years and 500 million friends later, Mark Zuckerberg is the youngest billionaire in history... but for this",
36a8f12f-43ec-4558-8ffa-ca882993569c,"what is the name of the robot in the movie ""wall-e""?",2,"Disney Wiki Explore Main Page Discuss All Pages Community Interactive Maps Recent Blog Posts Films Animated films Snow White and the Seven Dwarfs Sleeping Beauty The Little Mermaid Aladdin Beauty and the Beast The Lion King Tangled Frozen Pixar films Toy Story Monsters, Inc. Coco Ratatouille WALL-E Inside Out Onward Live-action films Indiana Jones and the Dial of Destiny Haunted Mansion Mary Poppins Who Framed Roger Rabbit TRON The Marvels Alice in Wonderland Star Wars: The Last Jedi Disney+ Lady and the Tramp Peter Pan & Wendy Phineas and Ferb the Movie: Candace Against the Universe Godmothered Soul Luca Turning Red Upcoming Inside Out 2 Sister Act 3: Kicking the Habit Snow White Delilah Dirk and the Turkish Lieutenant Deadpool",
3c2e3f1f-3cc7-4fa4-a19c-ecd6e6a6d720,"on the previous day, what was the closing stock price of phun?",4,"USD Last | 10:57 AM EST 7.89 -0.40 ( -4.83% ) Volume 311,376 52 week range 3.50 - 51.00 Open 8.28 Day High 8.58 Day Low 7.75 Prev Close 8.29 52 Week High 51.00 52 Week High Date 03/01/23 52 Week Low 3.50 52 Week Low Date 12/13/23 Key Stats Market Cap 62.104M Shares Out 7.87M 10 Day Average Volume 1.22M Dividend - Dividend Yield - Beta 2.44 YTD % Change 91.11 Show Ratios / Profitability & Events Summary News Profile Earnings Peers Financials Options Ownership KEY STATS Open 8.28 Day High 8.58 Day Low 7.75 Prev Close 8.29 52 Week High 51.00 52 Week High Date 03/01/23 52 Week Low 3.50 52 Week Low Date 12/13/23 Market Cap 62.104M",
3ea26b14-2eba-42ff-87e4-3fdefb82e6d2,"which has more protein, chicken or beef?",1,Nutrition Search Diet Analysis Food Comparison Glycemic Index Chart Insulin Index Chart Blog Subscribe Sign In Sign Up Profile My Diets ☰ Nutrition Search | Diet Analysis | Food Comparison | Glycemic Index Chart | Insulin Index Chart | Blog | Subscribe | Sign Up | Profile Home Foods Meat Beef Compare Beef vs. Chicken meat Beef vs. Chicken meat — Health Impact and Nutrition Comparison Nutrient e.g. Protein (Optional) Calories Protein Fats Vitamin C Net carbs Carbs Cholesterol Vitamin D Iron Calcium Potassium Magnesium Sugar Fiber Copper Zinc Starch Phosphorus Sodium Vitamin A Vitamin A RAE Vitamin E Vitamin D Manganese Selenium Vitamin B1 Vitamin B2 Vitamin B3 Vitamin B5 Vitamin B6 Vitamin B12 Vitamin K Folate Trans Fat,
3edb9509-f750-4d3a-9250-bb1b346da5bc,how many people are in city high?,1,Jump to content Main menu Main menu move to sidebar hide Navigation Main page Contents Current events Random article About Wikipedia Contact us Donate Contribute Help Learn to edit Community portal Recent changes Upload file Search Search Create account Log in Personal tools Create account Log in Pages for logged out editors learn more Contributions Talk Contents move to sidebar hide (Top) 1 Background 2 Singles 3 Reception 4 Track listing Toggle Track listing subsection 4.1 Original version (2001) 4.2 Re-release (2002) 4.3 Bonus track edition 4.4 UK bonus track edition 5 Personnel 6 Charts Toggle Charts subsection 6.1 Weekly charts 6.2 Year-end charts 7 Certifications 8 References Toggle the table of contents City High (album) Add languages Add links,
4188213c-01dd-4885-ae52-9d0da14532d0,"during the 2002 academy awards, which movie received the award for the best documentary feature film?",2,and Deborah Oppenheimer Legacy Tod Lending Long Night's Journey into Day Deborah Hoffmann and Frances Reid Scottsboro: An American Tragedy Daniel Anker and Barak Goodman Sound and Fury Josh Aronson and Roger Weisberg [ de ] 2001 (74th) Murder on a Sunday Morning Jean-Xavier de Lestrade and Denis Poncet Children Underground Edet Belzberg LaLee's Kin: The Legacy of Cotton Deborah Dickson [ de ; fr ] and Susan Froemke Promises B.Z. Goldberg and Justine Shapiro War Photographer Christian Frei 2002 (75th) Bowling for Columbine Michael Moore and Michael Donovan Daughter from Danang Gail Dolgin and Vicente Franco Prisoner of Paradise Malcolm Clarke and Stuart Sender Spellbound Jeffrey Blitz and Sean Welch Winged Migration Jacques Perrin 2003 (76th) The Fog of,
437cc197-c40b-4daf-b46a-d44c0accbdd8,can you provide me with the total number of regional confederations that make up fifa's organization?,1,Laws and governance 4.3 Administrative cost 5 Governance Toggle Governance subsection 5.1 Discipline of national associations 5.2 Video replay and goal-line technology 5.3 Controversy 6 Recognition and awards 7 FIFA variants 8 FIFA competitions Toggle FIFA competitions subsection 8.1 National teams 8.2 Clubs 8.3 Amateur 8.4 eSports 8.5 Former tournaments 8.6 Current title holders 9 Esports 10 FIFA World Rankings Toggle FIFA World Rankings subsection 10.1 Men's 10.2 Women's 11 Sponsors of FIFA Toggle Sponsors of FIFA subsection 11.1 FIFA Partner 12 FIFA+ 13 FIFA Innovation Programme 14 Corruption Toggle Corruption subsection 14.1 Guilty pleas 14.2 Indictments and arrests 14.3 2018 and 2022 World Cup bids 14.4 2011 FIFA presidential election 14.5 Response to allegations 14.6 2018 revision of code,
4c49a599-ea53-4749-a26a-3c203bab063e,what is the weekly low of gyrodyne llc stock,1,Login Get Started Sectors Financials Real Estate Operations Gyrodyne LLC GYRO — Gyrodyne LLC Share Price $8.06 0.00 0.00% Last trade - 00:00 Financials Adventurous Micro Cap Value Trap Market Cap $17.73m Enterprise Value $24.60m Revenue Quality 25 Value 91 Momentum 26 Stock Rank ™ 44 StockReport™ Accounts Balance sheet Income statement Cashflow statement Dividend summary News GYRO Dividends Subscribe to view Momentum Relative Strength (%) 1m -22.41% 3m -19.83% 6m -36.29% 1yr -23.78% Volume Change (%) 10d/3m n/a Price vs... (%) 52w High -36.36% 50d MA -16.88% 200d MA -19.29% Growth & Value 12m Forecast Rolling Industry Market PE Ratio (f) n/a PEG Ratio (f) n/a EPS Growth (f) n/a Dividend Yield (f) n/a Valuation (ttm) Industry Market Price,
4cc5b572-1ca3-4c17-a5cb-4240a924aac9,is university of georgia school of law private or public?,3,"close-knit intellectual community, pursuing a rigorous ten-month plan of study side by side with JD candidates. You’ll follow a flexible curriculum tailored to your career goals, whether they include preparing for a US bar examination, pursuing a concentration affording advancement in your home country’s legal profession or academic institutions, or completing a major academic research project under the supervision of a School of Law faculty member. University of Georgia The University of Georgia (UGA) was chartered by the Georgia General Assembly in 1785 and is one of the nation’s top public universities. Its 18 colleges and schools enroll more than 40,000 students and have produced more than 340,000 alumni living worldwide. The university’s threefold teaching, research and service mission spans",
4cf72dae-7adb-4642-b66c-7887036f1640,what was the final score of cavaliers's game on 2023-04-26?,2,"are updated at the end of the game. Cleveland Cavaliers previous game Cleveland Cavaliers previous game was against New Orleans Pelicans in NBA, game ended with result 95 - 116 (Cleveland Cavaliers won the game). Cleveland Cavaliers matches tab is showing the last 100 basketball games with statistics and win/lose icons. There are also all Cleveland Cavaliers scheduled matches that they are going to play in the future. Current Cleveland Cavaliers players The current Cleveland Cavaliers roster, stats and player performance can be found on this page. Guard: Darius Garland, Caris LeVert, Sam Merrill Guard-Forward: Max Strus, Ty Jerome Forward-Guard: Isaac Okoro Forward-Center: Dean Wade Center-Forward: Tristan Thompson Center: Jarrett Allen, Damian Jones Unknown: Donovan Mitchell Forward: Evan Mobley, Georges",
4ef3290a-1d97-4c93-a1d2-e57a5822e114,how many professional teams are based in los angeles?,2,"1–0 Ghana 10,027 September 25, 2003 Group D Russia 3–0 Ghana 13,929 September 25, 2003 Group D China 1–1 Australia 13,929 October 11, 2003 Third-place match United States 3–1 Canada 25,253 October 12, 2003 Final Germany 1–0 ( a.e.t. ) Sweden 26,137 International Tournaments [ edit ] Throughout the history of Los Angeles, international sporting events aside from the Olympic Games and FIFA World Cup tournaments have also taken place in the region. Los Angeles has been a hub for international sports for decades. Other soccer tournaments [ edit ] Apart from hosting FIFA World Cup tournaments, the LA area has hosted several other soccer tournaments as well. The Rose Bowl hosted three matches during the 2016 Copa América and",
5268e83b-ba85-44a3-b8eb-f3a494ed053f,which hotel chain is paris hilton associated with?,1,"Skip to content Menu START Menu Menu Who Really Owns Hilton Hotels? (No It’s Not Paris Hilton!) by James Eagleman Pin Share Tweet Last Updated on February 16, 2022 Hilton Hotels have a long history, they were founded by Conrad Hilton in 1919. Conrad’s son, Barron Hilton, took over running the company in 1966 and was involved in the business until 2007. There are still some famous Hiltons around now like Paris Hilton and Nicky Hilton. But who exactly owns the Hilton Hotel chain today? Well… it’s complicated but I’ll try to keep it as simple as I can. Who Owns The Hilton Hotels Chain? The answer to “Who owns Hilton Hotels?” depends on how you interpret the question. There",
52ab8dab-df77-4410-a98d-5fd898ff4ed0,"in their matches from the previous week, what is the total number of goals forced by lorient?",1,"v.64; 2018 Sep PMC6231341 As a library, NLM provides access to scientific literature. Inclusion in an NLM database does not imply endorsement of, or agreement with, the contents by NLM or the National Institutes of Health. Learn more: PMC Disclaimer | PMC Copyright Notice J Hum Kinet. 2018 Sep; 64: 255–263. Published online 2018 Oct 15. doi: 10.1515/hukin-2017-0199 PMCID: PMC6231341 PMID: 30429916 Analysis of Scoring Sequences in Matches of the Portuguese Premier League José M. Pratas , 1, * Anna Volossovitch , 1 and Ana I. Carita 2 José M. Pratas 1 CIPER, Faculdade de Motricidade Humana, SpertLab, Universidade de Lisboa, Lisboa Portugal Find articles by José M. Pratas Anna Volossovitch 1 CIPER, Faculdade de Motricidade Humana, SpertLab, Universidade de",
55b219e5-ba31-4318-a73d-551f0fb9c546,what company in the dow jones is the best performer today?,1,"best Dow Jones stocks to watch in 2024 are Apple ( AAPL ), Merck ( MRK ), Microsoft ( MSFT ) and Visa ( V ). X There are clear winners — and losers — at the start of February. The top three performing blue chip stocks in 2023 were Salesforce ( CRM ), Intel ( INTC ) and Microsoft, posting rallies of 98%, 90% and 56%, respectively. The worst three Dow Jones stocks in 2023 were Walgreens Boots Alliance ( WBA ), Chevron ( CVX ) and Johnson & Johnson ( JNJ ), with respective declines of 30, 16% and 11%. The tech-heavy Nasdaq rallied 43.4% in 2023, and the S&P 500 gained 24.2%. The Dow Jones Industrial Average",
5c2ea729-caea-4761-a858-d93eb861bf4d,what is the currency used in jordan?,1,"ўзбекча ਪੰਜਾਬੀ Polski Português Română Русский Саха тыла Simple English Српски / srpski Suomi Svenska Тоҷикӣ Türkçe Українська اردو Yorùbá 粵語 中文 Edit links Article Talk English Read Edit View history Tools Tools move to sidebar hide Actions Read Edit View history General What links here Related changes Upload file Special pages Permanent link Page information Cite this page Get shortened URL Download QR code Wikidata item Print/export Download as PDF Printable version In other projects Wikimedia Commons From Wikipedia, the free encyclopedia Currency of Jordan Jordanian dinar دينار أردني / JOD ( Arabic ) Obverse of 1 Jordanian Dinar (5th Edition-2022) ISO 4217 Code JOD (numeric: 400 ) Subunit 0.001 Unit Symbol د.أ ‎ Denominations Subunit 1 ⁄ 10",
621db4e6-ddad-4935-b375-7c0c577f07d6,what's the temperature outside in celsius if it's 66 degrees f?,6,Convert 66 Degrees Fahrenheit to Celsius 66 degrees Fahrenheit = 18.89 degrees Celsius Use this calculator to convert 66°f to Celsius. How many degrees Celsius in 66°f? 66°f to degrees Celsius is 18.89°c. How hot is 66°f in Celsius? How cold? Type the information into the input boxes and the degrees in Celsius will update automatically. Fahrenheit to Celsius Conversions Fahrenheit Convert Fahrenheit Celsius Convert Celsius How much is 66 in Fahrenheit to Celsius? 66 degrees in Fahrenheit is 18.888888888889 degrees in Celsius 66ftoc 66f to c Fahrenheit Celsius 66.01 18.89 66.02 18.90 66.03 18.91 66.04 18.91 66.05 18.92 66.06 18.92 66.07 18.93 66.08 18.93 66.09 18.94 66.1 18.94 66.11 18.95 66.12 18.96 66.13 18.96 66.14 18.97 66.15 18.97 66.16,
6368de43-1ee8-437e-8f6f-b23a9fdb48ad,can you name the film that took home the best animated feature film oscar in 2018?,16,"Wit | Stars: Emmanuel Garijo , Tom Hudson , Baptiste Goy , Axel Devillers Votes: 38,382 | Gross: $0.92M Nominated for Best Animated Feature Film. 65. Coco (I) (2017) PG | 105 min | Animation, Adventure, Drama 8.4 0 Rate 1 Rate 2 Rate 3 Rate 4 Rate 5 Rate 6 Rate 7 Rate 8 Rate 9 Rate 10 Rate 0 Error: please try again. 81 Metascore Aspiring musician Miguel, confronted with his family's ancestral ban on music, enters the Land of the Dead to find his great-great-grandfather, a legendary singer. Directors: Lee Unkrich , Adrian Molina | Stars: Anthony Gonzalez , Gael García Bernal , Benjamin Bratt , Alanna Ubach Votes: 585,188 | Gross: $209.73M Winner (90th Academy Awards)",
6883ee02-a25b-4c7e-9d95-a38b3c60ab4f,"for polar, what was the original language used?",1,belt for trotters Polar Equine heart rate monitor for trotters Polar Equine Healthcheck Inspiration Smart Coaching Why train with heart rate? How to track heart rate Science Where to Buy Support Blog Flow EN - Polar Global EN - Polar Global Menu Support Updates Search Select Flow app Flow web service FlowSync Grit X Pro H10 heart rate sensor Ignite 3 Pacer Pacer Pro Vantage M2 Vantage V2 Vantage V3 Verity Sense Adjustable Front Bike Mount Beat Cadence sensor Club Equine app Equine Healthcheck Equine Heart rate monitor for riding Equine Heart rate monitor for trotters Equine V650 Trotting Flow app Flow for Coach Flow web service FlowSync GoFit Grit X Grit X Pro H1 Heart Rate Sensor H10 heart,
688ce190-86a9-4e4f-9028-e1f1b268d6c9,"who played the role of hermione granger in the ""harry potter"" film series?",1,"of Ethics Contact Us Corporate Corrections Policy Follow RSS Sitemap Facebook Twitter Instagram YouTube LinkedIn Subscriptions Intelligence Premium Close icon Two crossed lines that form an 'X'. It indicates a way to close an interaction, or dismiss a notification. Chevron icon It indicates an expandable section or menu, or sometimes previous / next navigation options. HOMEPAGE Newsletters Account icon An icon in the shape of a person's head and shoulders. It often indicates a user profile. Log in Subscribe Entertainment Every single Emma Watson movie, ranked Meghan Cook Updated 2022-04-15T15:52:35Z Share icon An curved arrow pointing right. Share Facebook Icon The letter F. Facebook Email icon An envelope. It indicates the ability to send an email. Email Twitter icon A",
68ca2297-6175-44cb-a26e-8355461a7442,who are zoe kravitz's parents?,1,"to Know About Lisa Bonet & Lenny Kravitz’s Relationship Now Zoë Kravitz is the only daughter of famous exes Lisa Bonet and Lenny Kravitz, who have maintained a very close relationship in the years after their divorce. By: Eric Todisco Reading Time: 3 minutes October 31, 2023 10:10AM EDT Breadcrumbs Navigation Find Out News Celebrity News Lenny Kravitz Lisa Bonet Jason Momoa Image Credit: Shutterstock Zoë Kravitz is the child of Hollywood royalty. Her mother is actress Lisa Bonet and her father is legendary musician Lenny Kravitz . Zoë was born in 1988, five years before her famous parents split up. Since then, Zoë has followed in both Lisa and Lenny’s footsteps. She’s released music, including her albums Calm Down",
68f89394-890b-437d-a73b-a9d40d35b81a,who was the prime minister of the netherlands in 2007?,1,"2020). ""Holland's 'Mr No' Mark Rutte sees off EU but risks putting Eurosceptics in saddle"" . The Times . Retrieved 20 July 2023 . External links [ edit ] Wikimedia Commons has media related to Mark Rutte . Wikiquote has quotations related to Mark Rutte . Mark Rutte , official government profile Appearances on C-SPAN Political offices Preceded by Hans Hoogervorst State Secretary for Social Affairs and Employment 2002–2004 Succeeded by Henk van Hoof Preceded by Annette Nijs State Secretary for Education, Culture and Science 2004–2006 Succeeded by Bruno Bruins Preceded by Jan Peter Balkenende Prime Minister of the Netherlands 2010–present Incumbent Party political offices Preceded by Jozias van Aartsen Leader of the People's Party for Freedom and Democracy 2006–2023",
6a0ab652-c65e-4857-b209-16fafd25ee9e,how many losses in total as home team did indiana pacers have in 2023-01?,1,"Sports Reference ® Baseball Football (college) Basketball (college) Hockey Fußball Blog Stathead ® Immaculate Grid Questions or Comments? Welcome · Your Account Logout Ad-Free Login Create Account MENU Players Teams Seasons Leaders Scores WNBA Draft Stathead Newsletter Full Site Menu Below You are here: BBR Home Page > Teams > Indiana Pacers > 2022-23 Roster and Stats Welcome · Your Account Logout Ad-Free Login Create Account via Sports Logos.net About logos 2022-23 Indiana Pacers Roster and Stats Previous Season Next Season Record: 35-47, Finished 11th in NBA Eastern Conference Coach: Rick Carlisle (35-47) Executive: Kevin Pritchard PTS/G: 116.3 (10th of 30) Opp PTS/G: 119.5 (29th of 30) SRS : -2.91 (25th of 30) Pace : 101.1 (4th of 30) Off",
6c3635ed-6c08-4277-9e1a-34125cbd440f,"what is the name of the main character in the ""rocky"" film series?",4,"calling Adonis the future of the light heavyweight division. Returning to Philadelphia, Adonis and a recovering Rocky make their way up the Philadelphia Museum steps and look at the skyline. Creed II (2018) [ edit ] Main article: Creed II Three years after losing the fight to ""Pretty"" Ricky Conlan, Adonis Johnson Creed wins the World Heavyweight Championship and proposes to his girlfriend, Bianca Taylor ( Tessa Thompson ). Meanwhile, three decades since the death of Apollo Creed and his loss to Rocky Balboa, Ivan Drago is training his son, Viktor Drago ( Florian Munteanu ), to reclaim their honor by having Viktor publicly challenge Adonis for the World Heavyweight Title. Rocky is reluctant to train Adonis, fearing Adonis will",
74519fa3-a8d1-4602-86a0-30f98ebb1ed6,when did will smith's daughter first release music?,1,"Share this — Search Today Search Sections Health & Wellness Parenting Food Shop Pop Culture News Life Style Shows TODAY 3rd Hour of TODAY TODAY with Hoda & Jenna Sunday TODAY with Willie Geist Watch Full Episodes More News Life Books Trending Recipes Read With Jenna Astrology Inspirational Holidays Relationships TODAY Table Help Newsletters Start TODAY Halloween Shop TODAY Awards Citi Music Series Listen All Day Follow today More Brands NBC News Logo MSNBC Logo Facebook Pinterest Email SMS Print Whatsapp Reddit Pocket Flipboard Twitter Linkedin On The Show Shop Wellness Parents Food Life TODAY Plaza Music Willow Smith used to regret her 2010 hit 'Whip My Hair.' Now, she embraces the song Though Smith once regretted recording the 2010",
765b506f-a77a-406e-88ad-05a08b549b02,what is the symbol of the constellation that includes altair?,2,"Aquila Abbreviation Aql Genitive Aquilae [1] Pronunciation / ˈ æ k w ɪ l ə / Áquila, occasionally / ə ˈ k w ɪ l ə / ; genitive / ˈ æ k w ɪ l iː / Symbolism the Eagle [1] Right ascension 18 h 41 m 18.2958 s – 20 h 38 m 23.7231 s [2] Declination 18.6882229°–−11.8664360° [2] Area 652 sq. deg. ( 22nd ) Main stars 10 [1] Bayer / Flamsteed stars 65 Stars with planets 9 Stars brighter than 3.00 m 3 Stars within 10.00 pc (32.62 ly) 2 Brightest star Altair (α Aql) (0.76 m ) Messier objects 0 Meteor showers June Aquilids Epsilon Aquilids Bordering constellations Sagitta Hercules Ophiuchus Serpens Cauda Scutum Sagittarius",
7a206a02-0df8-4869-93e0-42d4651ddbb4,how many times has kevin durant won the nba championship with the oklahoma city thunder?,2,"Home Money Search Trending Sports Trending Money Trending Real-time Gallery Shop Blog Search Examples Data & Glossary Play Elements of Bball Harden Maze Company About how many times has kevin durant won the nba championship Share a link to this question Facebook Twitter COPY Shorten link This answer is live and will keep updating Kevin Durant has won 2 championships in his career. NAME SEASON TM GP CHAMPS MPG PPG RPG APG SPG BPG TPG FGM FGA FG% 3PM 3PA 3P% FTM FTA FT% MIN PTS REB AST STL BLK TOV PF +/- Kevin Durant 2007-08 SEA 80 0 34.6 20.3 4.4 2.4 1.0 0.9 2.9 7.3 17.1 43.0 0.7 2.6 28.8 4.9 5.6 87.3 2,768 1,624 348 192 78",
7ce64475-a26d-4991-b716-e0c6a00c5fe7,"which has performed better in the past week, bitcoin or ethereum?",1,"a financial services company dedicated to making the world smarter, happier, and richer. The Motley Fool reaches millions of people every month through our premium investing solutions, free guidance and market analysis on Fool.com, top-rated podcasts, and non-profit The Motley Fool Foundation. Log In Help Join The Motley Fool Top 10 Stocks Free Article Join Over Half a Million Premium Members And Get More In-Depth Stock Guidance and Research What's a Better Buy: Bitcoin or Ethereum? By RJ Fulton – Apr 8, 2023 at 5:08AM Key Points Both offer investors unique opportunities due to their proven track records and valuable utility. When looking at a few factors, the choice becomes exceedingly clear. Motley Fool Issues Rare “All In” Buy Alert",
7e7d8ada-1074-4e2a-b16b-e7c35d21c764,"which company is more actively traded this week, siri or  aca?",1,by Rachel Feintzeig Carry On by Dawn Gilbertson On The Clock by Callum Borchers Elizabeth Bernstein Turning Points by Clare Ansberry WSJ Puzzles Recipes Real Estate Topics Commercial Real Estate Luxury Homes Personal Finance Topics Retirement Savings Credit Taxes Mortgages More The Intelligent Investor by Jason Zweig Tax Report by Laura Saunders Streetwise by James Mackintosh Health Topics Healthcare Pharma Wellness More Your Health by Sumathi Reddy Style Topics Beauty Design Fashion More Off Brand by Rory Satran On Trend by Jacob Gallagher My Monday Morning Sports Topics Baseball Basketball Football Golf Hockey Olympics Soccer Tennis More Jason Gay Search View All Companies Sirius XM Holdings Inc. SIRI (U.S.: Nasdaq) Overview Profile Financials Income Statement Balance Sheet Cash Flow Research,
8001fbf8-541b-426a-8132-3a2fb7182deb,"in 2021, which basketball team had more wins overall, chicago bulls or cleveland cavaliers?",3,my favs Access and manage your favorites here DISMISS Home Scores Watch Odds Super 6 Stories Search Sign In Account SPORTS & TEAMS PLAYERS SHOWS PERSONALITIES SPORTS SPORTS & TEAMS PLAYERS SHOWS PERSONALITIES SPORTS NFL NCAA FB MLB NBA NCAA BK NASCAR Soccer UFL NCAAW BK NHL Golf Premier Boxing Champions WWE UFC WNBA Tennis Motor Sports Professional Bowlers Association Horse Racing Westminster Kennel Club FIBA Olympics World Baseball Classic NRL NBA NBA NBA Atlanta Hawks Boston Celtics Brooklyn Nets Charlotte Hornets Chicago Bulls Cleveland Cavaliers Dallas Mavericks Denver Nuggets Detroit Pistons Golden State Warriors Houston Rockets Indiana Pacers LA Clippers Los Angeles Lakers Memphis Grizzlies Miami Heat Milwaukee Bucks Minnesota Timberwolves New Orleans Pelicans New York Knicks Oklahoma City,
8057669d-3e4a-4d11-a9e0-20982e83cdae,"during the 2023-01 season, did miami heat end up scoring more points than oklahoma city thunder did?",3,"News Sports Life Opinion Business Advertise Obituaries eNewspaper Legals OKC THUNDER OKC Thunder outlasts Heat behind Jalen Williams to end four-game road trip Joel Lorenzi The Oklahoman MIAMI — Jalen Williams knew. Walking up the sideline of the Kaseya Center floor, he braked so that his steps matched Mark Daigneault’s. Williams sauntered with the ball. Daigneault signaled the set. If the night had foreshadowed at all, Williams’ destination was drawn before Daigneault could close his fist. The sophomore wing, perhaps generous on Monday but evidently intentional on Wednesday, knew where Chet Holmgren wanted the ball — no, needed the ball — to finish the play. The velocity. The location. The timing. The ball hung from his left hand as he",
816ea301-de98-4613-8e22-bd6a122080d1,can you tell me how many movies have been directed by david burris?,3,"even when it’s clear he’s lost the plot. By Craig Jenkins art review Yesterday at 2:07 p.m. What to See and What to Skip at the Whitney Biennial Jerry Saltz searches for the real thing at the museum’s latest survey of contemporary art. By Jerry Saltz beyonce hold 'em Yesterday at 2:07 p.m. Meet Cowboy Carter “This ain’t a Country album. This is a ‘Beyoncé’ album,” Bey declared. trailer mix Yesterday at 1:56 p.m. Anya Taylor-Joy Is Li’l Imperator Furiosa Starring alongside deranged villain Chris Hemsworth in the Mad Max: Fury Road prequel. movie review Yesterday at 1:23 p.m. A Portrait of Frida Kahlo Like We’ve Never Seen Her Before Carla Gutierrez’s documentary uses the artist’s own words (and pictures)",
83905844-df04-472f-b940-5f3498771380,who was the leading captain for celta vigo in their last appearance in esp-la liga?,14,"Manolo 533 1966–1982 2 Iago Aspas 483 2008–2013, 2015–present 3 Hugo Mallo 449 2009–2023 4 Atilano 392 1982–1994 5 Javier Maté 369 1981–1993 6 Vicente Álvarez 351 1979–1996 7 Juan Fernández 349 1969–1980 8 Santiago Castro 328 1970–1980 9 Gustavo López 295 1999–2007 10 Aleksandr Mostovoi 290 1996–2004 Most goals scored Rank Player Goals Years 1 Iago Aspas 201 2008–2013 , 2015–present 2 Hermidita 113 1945–1956 Vladimir Gudelj 113 1991–1999 4 Nolete 102 1932–1943 5 Pichi Lucas 93 1981–1990 6 Abel Fernández 92 1965–1970 7 Pahiño 91 1943–1948 8 Ramón Polo 76 1923–1935 9 Francisco Roig 75 1940–1949 10 Mauro 72 1953–1958 Aleksandr Mostovoi 72 1996–2004 Internationals playing at Celta [ edit ] The following past and present Celta players",
899aee2e-d160-4aeb-b6eb-04b9d556c25b,when did backstreet boys begin performance?,1,"On tour Overview Tracks Albums Photos Similar Artists Events Biography (current section) Tags Shouts Listeners Biography Years Active 1993 – present (31 years) Founded In Orlando, Orange County, Florida, United States Members AJ McLean (1993 – present) Brian T. Littrell (1993 – present) Howie Dorough (1993 – present) Kevin Richardson (1993 – present) Nick Carter (1993 – present) Backstreet Boys (often abbreviated as BSB) are an American vocal group consisting of Nick Carter, Howie Dorough, AJ McLean, and cousins Brian Littrell and Kevin Richardson. Lou Pearlman formed the group in 1993 in Orlando, Florida. The group rose to fame with their international debut album, Backstreet Boys (1996). In the following year, they released their second international album Backstreet's Back (1997),",
8b510a2c-1aa9-4a42-8298-eabcad71e91b,how many times has lionel messi won the fifa club world cup with psg?,2,matches are very difficult. It isn’t always the favourites who win it.” Messi scored Argentina's first goal in Qatar in their tournament opener on Tuesday (22 November) against Saudi Arabia in Group C but the favourites went on to suffer a 2-1 shock defeat. The Argentinian legend broke the deadlock in their 2-0 win over Mexico when he scored the opener. And he led his country to a convincing 2-0 over Poland. And Messi was at his best again in der round of 16 scoring the opener in the 2-1 win over Australia. Messi found the net again in the 4-3 on penalties quarterfinals win against the Netherlands when he converted a penalty for a 2-0 lead (73'). He scored,
8c64872e-3f00-4ced-81be-4cbd7ffcf887,what was the singer of the song that won song of the year in the 59th grammy (2016)?,1,/ AFP/Getty Images) 20 / 57 Justin Bieber performs “Love Yourself” and “Where Are U Now” onstage with Jack U. (Robyn Beck / AFP/Getty Images) 21 / 57 Skrillex of Jack U performs onstage with Justin Bieber. (Matt Sayles / Invision/AP) 22 / 57 Adele takes the stage with a performance of her song “All I Ask.” (Kevork Djansezian / Getty Images for NARAS) 23 / 57 Don Cheadle introduces a performance by Kendrick Lamar. (Matt Sayles/Invision/Associated Press) 24 / 57 Brittany Howard of the Alabama Shakes accepts the award for rock performance for “Don’t Wanna Fight.” (Matt Sayles / Invision/AP) 25 / 57 Bruno Mars hits the stage. (Robert Gauthier / Los Angeles Times) 26 / 57 Twelve-year-old jazz,
8c8b6f2e-8e7d-4b16-82e8-5d2bd78e78b6,did tesla's stock perform better than nvidia's stock today?,1,"steep price, some of them valid, others invalid. They involve factors such as the company's competitive position, growth and business prospects. NVIDIA's competitive position is indeed rock solid. It technically has a competitor, Advanced Micro Devices, Inc. ( AMD ), but that company doesn't compete with Nvidia's fastest chips. This makes Nvidia somewhat similar to ASML Holding N.V. ( ASML ): a partial monopoly facing no competition in the high end of the market. The part of the Nvidia thesis revolving around growth strikes me as less valid than the part about competitive position. Nvidia's growth has not been fantastic recently. According to Seeking Alpha Quant, trailing 12 month revenue growth was 0.22% and trailing 12 month earnings growth was",
8f6c5aa5-0471-4d2c-855b-cb3042567553,how many movies did zak santiago and brenda crichlow play together?,4,"Cinema of the Abstract Wednesday 3 February 2021 Turbulence 3: Heavy Metal (2001) Director: Jorge Montessi Screenplay: Wade Ferely Cast: John Mann as Slade Craven, Zak Santiago as Gabriel Mendoza (as Zak Santiago Alam), Monika Schnarre as Erica Black, Sharon Alexander as Mandy Morgan, Gabrielle Anwar as FBI Agent Kate Hayden, Rick Burgess as Kyle Martin, Bernie Coulson as 'Shred', Brenda Crichlow as Mary Wilson, Kendall Cross as Karen David, Nathaniel DeVeaux as Jack Fletcher, Mike Dopud as FBI Agent Dave Barrett, Rutger Hauer as Copilot MacIntosh Obscurities, One-Offs and Oddities This is getting weirder . Full Plot Spoilers Throughout Author's Note : When this review was originally written, I was completely unaware of abuse allegations against Brian ""Marilyn Manson""",
9573fc4c-9f7d-49b9-91f8-e2eca3bc0d92,do you know the name of the director who directed the pact ii?,8,"direct the film, which was instead written and directed by Dallas Hallam and Patrick Horvath. [8] References [ edit ] ^ Harvey, Dennis (2014-09-25). ""Film Review: 'At the Devil's Door' "" . Variety . Retrieved 2015-01-13 . ^ ""The Pact (2012)"" . Boxofficemojo.com . Retrieved 2013-04-18 . ^ ""Director Nicholas McCarthy Ties Up Loose Ends On 'The Pact' "" . Bloody Disgusting . November 12, 2012. The eyes thing was actually explained a little more in a cut piece of dialogue from the cousin character, where she remarks on Annie's eyes being different colors – she said in the script, ""Your mother didn't have them, so your father must've."" I hope that explains it a little more… ^ ""Director Nicholas",
98597a9c-8c94-4fad-98f5-38a12d4ed243,"out of the movies starring tom hiddleston and jackie chen released between 2015 and 2018, how many fell into the action category?",1,IMDbPro Awards 49 wins & 52 nominations Photos 853 Known for: Who Am I? 6.8 Who Am I 1998 Rush Hour 7.0 Lee 1998 Police Story 7.5 Chan Ka Kui 1985 Rush Hour 2 6.7 Lee 2001 Credits Edit Producer 66 Actor 150 Stunts 80 Additional Crew 21 Director 17 Writer 15 Soundtrack 15 Music Department 5 Production Manager 2 Cinematographer 1 Art Director 1 Art Department 1 Camera and Electrical Department 1 Editorial Department 1 Self 187 Thanks 20 Archive Footage 54 IMDbPro Expand below Producer Upcoming 5 New Police Story 2 executive producer In Development 2025 Jackie Chan: Down to Earth producer In Development Once Upon a Zodiac executive producer Pre-production Five Against a Bullet executive producer In,
9b770c69-f54f-46d8-bbb4-d89e098d82fb,do you know who the director of katherine ryan: in trouble is?,6,"Ryan explains the perks of dating younger men and talks about her unusual relationships, living in the hometown she hates, and hot she once enraged an entire nation. Canadian comic Katherine Ryan explains the perks of dating younger men and talks about her unusual relationships, living in the hometown she hates, and hot she once enraged an entire nation. Canadian comic Katherine Ryan explains the perks of dating younger men and talks about her unusual relationships, living in the hometown she hates, and hot she once enraged an entire nation. Director Colin Dench Writer Katherine Ryan Star Katherine Ryan See production info at IMDbPro IMDb RATING 7.0 / 10 2.3K YOUR RATING Rate Top credits Director Colin Dench Writer Katherine",
9c68588a-aa1e-4139-93b1-ecf7b2af31c9,what was ndaq's stock price at closing time on the last trading day?,3,"Visitors trend 2W 10W 9M 56.49 +0.12 (+0.21%) As of 10:55AM EST. Market open. Dividend NDAQ announced a cash dividend of 0.22 with an ex-date of Mar. 13, 2024 Summary Company Insights Chart Conversations Statistics Historical Data Profile Financials Analysis Options Holders Sustainability Advertisement Time Period : Feb 28, 2023 - Feb 28, 2024 Show : Historical Prices Frequency : Daily Apply Currency in USD Download Date Open High Low Close* Adj Close** Volume Feb 28, 2024 56.31 56.50 56.20 56.49 56.49 171,551 Feb 27, 2024 56.28 56.48 56.09 56.37 56.37 1,767,200 Feb 26, 2024 56.47 56.63 55.82 56.19 56.19 1,905,300 Feb 23, 2024 56.85 56.87 56.36 56.65 56.65 1,346,000 Feb 22, 2024 56.26 56.81 56.24 56.56 56.56 2,040,200 Feb",
a0dd8a0d-e8a9-46d7-b930-e30af0cb3671,is annie the initial name this movie had?,1,"previous Miss Hannigan—who is white—instead of her."" [19] Her statement, released by the Associated Press, read: ""'Yes, it is true that I and my representatives have gone to management on more than one occasion about the commercial and were told that there was nothing they could do about it,' Carter said in a statement Thursday. 'Therefore, I have resigned myself to the fact that this is the way it is.' The statement also addressed the alleged charges of racism, first published in Thursday's New York Post. Carter is black. 'I, Nell Carter, never, ever, ever accused my producers or anyone in the show of racism,' she said. Producers have said it is too expensive to film a new commercial."" [20]",
a5268668-5a1f-485e-a57e-42fa10e693d8,how many jobs did amazon cut in january 2023?,2,"Where's my refund? Choosing a credit card Best CD rates this month Best used hybrids U.S. Elections Sports Entertainment Life Money Tech Travel Opinion ONLY AT USA TODAY: Newsletters For Subscribers From the Archives Crossword eNewspaper Magazines Investigations Podcasts Video Humankind Just Curious Best-selling Booklist OUR PORTFOLIO: 10Best Reviewed Coupons Homefront Blueprint Best Auto Insurance Best Pet Insurance Best Travel Insurance Best Credit Cards Best CD Rates Best Personal Loans Home Internet MONEY Amazon.com, Inc. Add Topic Amazon begins next round of layoffs, as tech giant cuts total of more than 18,000 jobs Jordan Mendoza USA TODAY Amazon began laying off thousands of more employees Wednesday, as the online retailer and cloud computing giant continues the largest job cuts in",
a57e503b-6e34-4c1b-94e9-e4ac7febd7e5,tell me the name of the movie that won the oscar for the best documentary feature film in 2011?,9,"lessons imparted by Bill Courtney, a volunteer coach who runs a scrappy program at a tough North Memphis high school. For this uplifting underdog sports story, directors Daniel Lindsay and T.J. Martin follow a pivotal season with Courtney’s team, as its fortunes — and its individual players — crest and fall before the title reveals itself in unexpected ways. Image From left, Henry Paulson, Ben Bernanke and Timothy Geithner as seen in “The Inside Job.” Credit... Sony Pictures Classics ‘Inside Job’ (2010) Before “The Big Short” came this furious denouncement of the corporate and political skulduggery that led to the 2008 financial crisis. As director Charles Ferguson breaks down the concepts of deregulation, credit default swaps and the housing bubble,",
a7826efe-ca56-468e-87f1-23792cf0a47a,"in 1994, which alternative rock band released their breakthrough album ""dookie,""?",2,"Studio Fantasy , Berkeley, California Genre Punk rock pop-punk skate punk Length 39 : 35 Label Reprise Producer Rob Cavallo Green Day Green Day chronology Kerplunk (1991) Dookie (1994) Insomniac (1995) Singles from Dookie "" Longview "" Released: February 1, 1994 "" Basket Case "" Released: August 1, 1994 "" Welcome to Paradise "" Released: October 17, 1994 "" When I Come Around "" Released: December 1994 Dookie is the third studio album by the American rock band Green Day , released on February 1, 1994, by Reprise Records . The band's major label debut and first collaboration with producer Rob Cavallo , it was recorded in late summer 1993 at Fantasy Studios in Berkeley, California . Written mostly by",
a9a27309-722d-466b-a961-f4132237d8f3,who are the composers of 1982 maze game dig dug?,7,"MHz Video Resolution: Display Vertical orientation, Raster, 224 × 288 resolution Main developers: Masahisa Ikegami, Shigeichi Ishimura, Toshio Sakai and Shōichi Fukatani Music Composer: Yuriko Keino GAME STORY History of development: Dig Dug is a maze arcade game developed and published by Namco in Japan in 1982. It runs on the same hardware as the famous Galaga . Outside of Japan it was distributed by Atari. Atari also licensed the home versions of Dig Dug and released it for Atari 2600, Atari 5200, Atari 7800, Intellivision, Apple II, Atari 8-bit family, VIC-20, Commodore 64, IBM PC, and TI-99. / 4A. Namco took it upon himself to bring Dig Dug to the NES console. The Gakken company of ""Game & Watch""",
aaac42f9-d39e-46ae-8492-c862578d9f03,"what was the name of the movie that won the most academy awards in a single year, including best picture, best director, and best actor?",25,"March 2024 at 0:40 pm Subscribe to Radio Times magazine and get 12 issues for £1 Save Share on facebook Share on twitter Share on pinterest Share on reddit Email to a friend While this year's Oscar Best Picture lineup is an extremely impressive and varied one , there is one film in particular that has emerged as the hot favourite to scoop up the most awards: Christopher Nolan's critically acclaimed box office smash Oppenheimer . Advertisement The film is up for a grand total of 13 awards, including Best Picture, Best Director for Nolan, and Best Actor for Cillian Murphy, and is widely expected to convert several of those nominations into wins at Hollywood's Dolby Theatre on Sunday 10th",
ab211237-6c20-4782-8e3d-c8548f27e2a5,"which was the better selling album in the us, thriller or hotel california?",1,"never sleeps. Okayplayer presents: True Notes Newsletter Join 100K+ members of the OKP family getting weekly updates on what’s moving the culture forward. Please fill email field Continue By continuing, you agree to the Terms of Service and acknowledge our Privacy Policy Register The content is free, but you must be subscribed to Okayplayer to continue reading. Forgot your password? THANK YOU FOR SUBSCRIBING Join our newsletter family to stay tapped into the latest in Hip Hop culture! Login To continue reading login to your account. Forgot your password? Forgot your password? Please enter the email address you use for your account so we can send you a link to reset your password: Michael Jackson Thriller Not the Top Selling",
b0bd7eef-2016-4360-836d-c229b1e8cdc5,what is the name of taylor swift's debut album released in the 2000s?,1,"Subscribe to newsletters Sign In BETA This is a BETA experience. You may opt-out by clicking here More From Forbes Mar 5, 2024, 02:00pm EST Forbes 30/50 Summit 2024 Mar 5, 2024, 11:00am EST Arctic Could Be ‘Ice-Free’ Within A Decade, Scientists Warn Mar 5, 2024, 08:00am EST Unlocking The Potential Of Women Across The Globe Mar 5, 2024, 08:00am EST Practical Guide For Dealing With Giants From Automation Expert Mar 5, 2024, 07:58am EST Can Congress Disqualify Trump? What To Know After Supreme Court Keeps Him On Ballot. Mar 5, 2024, 05:09am EST Chinese And Philippine Coast Guard Vessels Collide In South China Sea Amid Tensions Mar 5, 2024, 02:33am EST Singapore Prime Minister Defends Paying Taylor Swift To",
b10b89b9-a48f-4278-aaa5-9c988a47a603,what is the deepest oceanic trench on earth?,5,"Татарча / tatarça ไทย Тоҷикӣ Türkçe Türkmençe Українська اردو Tiếng Việt 文言 Winaray 吴语 粵語 中文 Edit links Article Talk English Read View source View history Tools Tools move to sidebar hide Actions Read View source View history General What links here Related changes Upload file Special pages Permanent link Page information Cite this page Get shortened URL Download QR code Wikidata item Print/export Download as PDF Printable version In other projects Wikimedia Commons Coordinates : 11°21′N 142°12′E ﻿ / ﻿ 11.350°N 142.200°E ﻿ / 11.350; 142.200 From Wikipedia, the free encyclopedia Deepest oceanic trench on Earth ""Marianas Trench"" redirects here. For the Canadian band, see Marianas Trench (band) . Location of the Mariana Trench The Mariana Trench is an",
b3387794-3886-4ec0-aea1-9041513eddf9,do you know the birth year of the sports?,2,"only a few—that are more than deserving of coverage), it would take an encyclopedia to do it justice. That said, the ones included in this list should give you a fair sampling of the popular athletic endeavors that continue to fascinate sporting enthusiasts around the globe. Cite this Article Format mla apa chicago Your Citation Bellis, Mary. ""A Brief History of Sports."" ThoughtCo, Aug. 31, 2021, thoughtco.com/history-of-sports-1992447. Bellis, Mary. (2021, August 31). A Brief History of Sports. Retrieved from https://www.thoughtco.com/history-of-sports-1992447 Bellis, Mary. ""A Brief History of Sports."" ThoughtCo. https://www.thoughtco.com/history-of-sports-1992447 (accessed March 22, 2024). copy citation 75 Vocabulary Words for Playing and Talking About Sports in Italian History of the 1976 Olympics in Montreal The Individual Sporting Events or Games of",
b3580a6c-8ee0-4473-9c17-ac06b8358b90,"in 2021, which actor's outstanding performance earned them the coveted best actor oscar?",1,"Unforgiven Stephen Rea Fergus The Crying Game Denzel Washington Malcolm Little / Malcolm X Malcolm X 1993 (66th) Tom Hanks ‡ Andrew Beckett Philadelphia [74] Daniel Day-Lewis Gerard ""Gerry"" Conlon In the Name of the Father Laurence Fishburne Ike Turner What's Love Got to Do with It Anthony Hopkins James Stevens The Remains of the Day Liam Neeson Oskar Schindler Schindler's List 1994 (67th) Tom Hanks ‡ Forrest Gump Forrest Gump [75] Morgan Freeman Ellis Boyd ""Red"" Redding The Shawshank Redemption Nigel Hawthorne King George III The Madness of King George Paul Newman Donald ""Sully"" Sullivan Nobody's Fool John Travolta Vincent Vega Pulp Fiction 1995 (68th) Nicolas Cage ‡ Ben Sanderson Leaving Las Vegas [76] Richard Dreyfuss Glenn Holland Mr.",
b3c1b63a-6978-4ab4-b581-1e4e385c1188,what price did the encore wire corporation open today?,8,"Follow Visitors trend 2W 10W 9M 234.40 +3.02 (+1.31%) As of 10:42AM EST. Market open. Summary Company Insights Chart Conversations Statistics Historical Data Profile Financials Analysis Options Holders Sustainability 1d 5d 1m 6m YTD 1y 5y Max Full screen Trade prices are not sourced from all markets Gain actionable insight from technical analysis on financial instruments, to help optimize your trading strategies Chart Events Bullish pattern detected Price Crosses Moving Average View all chart patterns Performance Outlook Short Term 2W - 6W Mid Term 6W - 9M Long Term 9M+ Previous Close 231.38 Open 231.41 Bid 232.96 x 800 Ask 233.83 x 800 Day's Range 229.96 - 234.40 52 Week Range 138.20 - 250.00 Volume 21,890 Avg. Volume 189,536 Market",
b8e81474-d076-45c2-86da-87cf81fd5326,what is the name of travis scott's latest album?,1,"Score Popularity Type Clear All (78) Featured Compilation (1) EP (2) LP (4) Mixtape (5) Reissue (2) Single (62) Video (2) Credits Appears On (79) Producer (39) Feature (71) Executive Producer (1) Additional Producer (1) Songwriter (37) Mixing Engineer (1) Recording Engineer (1) Engineer (1) Programmer (1) Misc. Unofficial (9) + Add a Release Albums 2023 UTOPIA LP 69 critic score (11) 79 user score (11K) 2018 ASTROWORLD LP 83 critic score (20) 80 user score (9,066) 2016 Birds In The Trap Sing McKnight LP 59 critic score (9) 68 user score (4,839) 2015 Rodeo LP 62 critic score (16) 86 user score (8,912) Advertisement Mixtapes 2014 Days Before Rodeo Mixtape • Travi$ Scott 64 critic score (5) 74 user",
bb7e1694-7792-479c-ab69-802baf48e720,"in 2012, which animated film was recognized with the best animated feature film oscar?",6,"won in 2011 for Toy Story 3 and again in 2018 for Coco . Gore Verbinski won in 2012 for Rango . Chris Buck won in 2014 for Frozen . Jonas Rivera won in 2016 for Inside Out and again in 2020 for Toy Story 4 . Byron Howard won in 2017 for Zootopia and again in 2022 for Encanto . Guillermo del Toro won in 2023 for Guillermo del Toro's Pinocchio . Table key Indicates the winner 2000s [ edit ] Year Film Nominees Ref. 2001 (74th) Shrek Aron Warner [12] Jimmy Neutron: Boy Genius Steve Oedekerk & John A. Davis Monsters, Inc. Pete Docter & John Lasseter 2002 (75th) Spirited Away Hayao Miyazaki [25] Ice Age Chris Wedge",
bdaa3dcc-1673-4425-9f11-a2e81bcd3e37,can you tell me which country the artist who won the best new artist in 54th grammy (2011) was born?,1,"Country Rap Latin Global Music Gospel & Contemporary Christian Music New Age Jazz Alternative Dance/Electronic Shop Login Subscribe to Newsletters Be the first to find out about GRAMMY nominees, winners, important news, and events. Privacy Policy GRAMMYs Advocacy Musicares EMAIL Subscribe Join us on Social Recording Academy / GRAMMYs Latin GRAMMYs GRAMMY Museum Musicares Advocacy Join us on Social RECORDING ACADEMY GRAMMYS MEMBERSHIP ADVOCACY MUSICARES LATIN GRAMMYS GRAMMY MUSEUM AWARDS NOMINATIONS & WINNERS Facebook Twitter E-mail The rich history of Music's Biggest Night is at your fingertips. From Henry Mancini, Stevie Wonder and Michael Jackson to Kanye West, Taylor Swift and Adele, explore the winners and biggest moments from each GRAMMY Awards telecast. Show More TOP RECORDING ACADEMY About Governance",
bf7642ff-2a80-42a8-8226-8c98af290172,how many free throws did kevon looney nail in the game on 2022-10-02?,1,"Skip to main content Skip to navigation ESPN NFL NFL NBA NBA NCAAM NCAAM NCAAW NCAAW MLB MLB Soccer Soccer More Sports More Sports ESPN Plus ESPN BET Watch Watch Fantasy Fantasy More ESPN More ESPN Search Kevon Looney Golden State Warriors #5 Forward Follow HT/WT 6' 9"", 222 lbs Birthdate 2/6/1996 (28) College UCLA Draft Info 2015: Rd 1, Pk 30 (GS) Status Active 2023-24 season stats PTS 4.5 150+ REB 5.8 59th AST 2.0 141st FG% 59.8 Overview News Stats Bio Splits Game Log Advanced Stats Switch Player Atlanta Hawks Boston Celtics Brooklyn Nets Charlotte Hornets Chicago Bulls Cleveland Cavaliers Dallas Mavericks Denver Nuggets Detroit Pistons Golden State Warriors Houston Rockets Indiana Pacers LA Clippers Los Angeles Lakers",
c2405ead-68ed-4e4e-8ae9-9f1875aa7be7,what other songs did the artist release in the same year as save me?,1,"Weeknd Chart History (Adult Contemporary)"" . Billboard . Retrieved September 21, 2021. ^ ""The Weeknd Chart History (Adult Pop Songs)"" . Billboard . Retrieved May 11, 2021. ^ ""The Weeknd Chart History (Dance Mix/Show Airplay)"" . Billboard . Retrieved August 15, 2021. ^ ""The Weeknd Chart History (Pop Songs)"" . Billboard . Retrieved April 19, 2021. ^ ""The Weeknd Chart History (Rhythmic)"" . Billboard . Retrieved March 2, 2021. ^ ""Top 100 Songs"" . Rolling Stone . Archived from the original on February 8, 2021 . Retrieved May 3, 2021 . ^ ""Record Report Top 100 - Fecha de Publicación: Sábado 08/05/2021"" (in Spanish). Record Report . Archived from the original on May 6, 2021 . Retrieved May 12, 2021",
c4beea56-f5f5-4762-b228-cd3bc4a67be9,"which film had the bigger budget, inside out or finding dory?",1,"Building Credit Personal Loans for 580 Credit Score or Lower Personal Loans for 670 Credit Score or Lower Best Mortgages for Bad Credit Best Hardship Loans How to Boost Your Credit Score SELECT All Investing Best IRA Accounts Best Roth IRA Accounts Best Investing Apps Best Free Stock Trading Platforms Best Robo-Advisors Index Funds Mutual Funds ETFs Bonds USA INTL watch live Search quotes, news & videos Watchlist SIGN IN Markets Business Investing Tech Politics CNBC TV Watchlist Investing Club PRO Menu Entertainment 'Finding Dory' sets animation film record with $9.2 million Thursday preview Published Fri, Jun 17 2016 12:30 PM EDT Updated Fri, Jun 17 2016 1:42 PM EDT Sarah Whitten @sarahwhit10 WATCH LIVE A still image from ""Finding",
c4e2814c-61db-4f68-b60d-eb89f0c6da55,what team did peyton manning last play for?,6,"be your quarterback."" [309] [310] [311] Upon his release, Irsay announced that no Colt will ever wear the No. 18 jersey again, and it was formally retired on March 18, 2016. [306] On the NFL Top 100 Players of 2012 , he was ranked 50th by his peers despite not playing in the 2011 season. [312] Denver Broncos Manning at a scrimmage in Denver in August 2012 Manning was one of the most highly sought after free agents going into the 2012 season. Several teams sought out to meet with Manning including the Miami Dolphins , the Tennessee Titans , the Arizona Cardinals , and the Denver Broncos . [313] After visiting both the Arizona Cardinals and the Denver Broncos,",
c798b289-f253-444b-b393-75a9f1c0c306,"in 1991, which actor took home the oscar for best actor?",2,"his performance in Scent of a Woman as Lt. Colonel Frank Slade, a veteran who unbeknownst to his caretaking niece, persuades a young man she's hired to look after him to drive him to New York City . 1992: Anthony Hopkins, The Silence of the Lambs Portraying the psychopathic killer Hannibal Lecter, Hopkins' performance in The Silence of the Lambs won him the award in 1992. 1991: Jeremy Irons, Reversal of Fortune Irons' starring role as Claus von Bülow in Reversal of Fortune won him the title in 1991. 1990: Daniel Day-Lewis, My Left Foot Day-Lewis took home his first Oscar in 1990 for his role as Christy Brown in My Left Foot . 1989: Dustin Hoffman, Rain Man Hoffman",
c963e0c1-4eea-4d62-a461-679b1078a666,can you name the film that took home the academy award for best animated feature film in 2014?,13,"475 Moana, DVD 18568 ; HDDVD 484 My Life as a Zucchini, DVD 18837 The Red Turtle, eVideo ; DVD 19529 2015 Inside Out, eVideo ; DVD 16871 ; HDDVD 432 Anomalisa, DVD 17563 Boy and the World, DVD 17615 Shaun the Sheep Movie, DVD 16980 When Marnie Was There, DVD 16840 2014 Big Hero 6, DVD 15568; HDDVD 385 The Boxtrolls, DVD 15311 How to Train Your Dragon 2, DVD 15063; HDDVD 381 Song of the Sea, DVD 15714; HDDVD 395 The Tale of Princess Kaguya, DVD 15684 ; HDDVD 392 2013 Frozen, DVD 14263 ; HDDVD 314 The Croods, DVD 13544 Ernest & Celestine, DVD 14791 The Wind Rises, DVD 15223; HDDVD 366 2012 Brave, DVD 12364; HDDVD",
cb7b187b-93c0-40ea-b8f7-c7ae7f0ed29e,"which movie was nominated for more teen choice awards, inside out or finding dory?",11,"Full List Of Winners , January 18, 2017. ↑ 2017 Producers Guild Awards , January 5, 2017. ↑ 9.0 9.1 Teen Choice Awards 2017: ‘Riverdale,’ Fifth Harmony Shut Out Competition , Variety , Rebecca Rubin and JD Knapp, August 13, 2017. ↑ 10.0 10.1 10.2 10.3 15th Annual VES Awards Nominees , January 10, 2017. ↑ 2017 VES Awards: ‘Kubo and the Two Strings’ Breaks 19-In-A-Row Disney Win Streak [Full List of Winners ], Amid Amidi , Cartoon Brew , February 8, 2017. Categories Categories : Awards Finding Dory Community content is available under CC-BY-SA unless otherwise noted. More Fandoms Fantasy Sci-fi Pixar Advertisement Fan Feed More Pixar Wiki 1 Inside Out 2 2 Envy 3 Lightning McQueen Explore properties",
d09ff410-f03e-4b55-9b95-4799bc8e9a75,how many days did landcadia holdings iv inc. warrant open higher this week?,13,FSE (Frankfurt) Stock Forecasts ASX (Australian) Stock Forecasts TSE (Tokyo) Stock Forecasts LSE (London ) Stock Forecasts BER (Berlin) Stock Forecasts HKEX (Hong Kong) Stock Forecasts All Stocks (from 50+ Exchanges) Stocks Under Stocks Under 10 Cents Stocks Under 50 Cents Stocks Under 1 USD Stocks Under 5 USD Stocks Under 10 USD Stocks Under 20 USD Stocks Under 100 USD Stocks Under 1000 USD Best Of Best USA Stocks to Buy Best Indian Stocks to Buy Best British Stocks to Buy Best Australian Stocks to Buy Best Canadian Stocks to Buy Best German (FSE) Stocks to Buy Best Chinese Stocks to Buy Best Japanese Stocks to Buy FX Forex (FX) Forecasts FX Currency Converter USD Exhange Rates Today EUR,
d0a0b63a-fbcd-485a-bfce-300edd026349,"in 2023-01, how frequently did boston celtics come up short and lost as the home team?",1,"Pelicans New York Knicks Oklahoma City Thunder Orlando Magic Philadelphia 76ers Phoenix Suns Portland Trail Blazers Sacramento Kings San Antonio Spurs Toronto Raptors Utah Jazz Washington Wizards hidden 2023-24 2022-23 2021-22 2020-21 2019-20 2018-19 2017-18 2016-17 2015-16 2014-15 2013-14 2012-13 2011-12 2010-11 2009-10 2008-09 2007-08 2006-07 2005-06 2004-05 2003-04 2002-03 hidden Preseason Regular Season hidden Regular Season DATE OPPONENT RESULT W-L Hi Points Hi Rebounds Hi Assists Wed, Oct 25 @ New York W 108-104 1-0 Tatum 34 Tatum 11 Brown 5 Fri, Oct 27 vs Miami W 119-111 2-0 White 28 Holiday 10 Holiday 7 Mon, Oct 30 @ Washington W 126-107 3-0 Brown 36 Hauser 8 White 8 Wed, Nov 1 vs Indiana W 155-104 4-0 Tatum 30",
d4360848-f6aa-4071-9264-6c60b934ce08,where did the lead designer of java (programming language) receive his ph.d.?,2,James Gosling | Academic Influence Skip to Main Content College Rankings Online Degrees Accelerated Degrees Affordable Degrees Resources Subjects About Get Started James Gosling #522 Most Influential Person Now Canadian computer scientist James Gosling's Academic­Influence.com Rankings James Gosling Computer Science #44 World Rank #46 Historical Rank Algorithms #55 World Rank #55 Historical Rank Database #90 World Rank #93 Historical Rank computer-science Degrees Download Badge Computer Science James Gosling's Degrees Bachelors Computer Science University of Calgary PhD Computer Science Carnegie Mellon University Similar Degrees You Can Earn 10 Fastest Accelerated Online Bachelor's of Computer Science Best Online Bachelor's in Computer Science Best Online PhD of Computer Science (Doctorates) 2024 Why Is James Gosling Influential? (Suggest an Edit or Addition) According to,
d5ee49c8-27f9-4c6a-953a-25f1c4e3b891,"in 2011, which movie was distinguished for its visual effects at the oscars?",1,"Winners Who will win this year's Oscars, and why? Each day this week, TIME examines every category, from Best Picture to Sound Mixing, to help you ace your office-pool ballot. Check back tomorrow for more categories! Share Tweet Prev 11 of 24 Next View All The 2011 Oscar Race Best Visual Effects By Richard Corliss Tuesday, Feb. 22, 2011 Nominees: Alice in Wonderland Harry Potter and the Deathly Hallows: Part 1 Hereafter Inception (WINNER) Iron Man 2 Why Harry Potter ? This was the least effects-y of the seven Potter films so far, and any magic it may display is negated by the interminable time Harry, Ron and Hermione spend mewling in the woods. Iron Man 2 adds nothing to,",
d5f0763b-064e-4028-8c60-9351831c54f9,"in 1998, which movie was distinguished for its visual effects at the oscars?",2,Wars: Episode V: Return of the Jedi 1984: Indiana Jones and the Temple of Doom 1985: Cocoon 1986: Aliens 1987: Innerspace 1988: Who Framed Roger Rabbit 1989: The Abyss 1990: Total Recall 1991: Terminator 2: Judgment Day 1992: Death Becomes Her 1993: Jurassic Park 1994: Forrest Gump 1995: Babe 1996: Independence Day 1997: Titanic 1998: What Dreams May Come 1999: The Matrix 2000: Gladiator 2001: The Lord of the Rings: The Fellowship of the Ring 2002: The Lord of the Rings: The Two Towers 2003: The Lord of the Rings: The Return of the King 2004: Spider-Man 2 2005: King Kong 2006: Pirates of the Caribbean: Dead Man's Chest 2007: The Golden Compass 2008: The Curious Case of Benjamin Button,
d87222fa-7f0f-40ab-9fce-d95bc2675f63,"which one has the higher trading volume on the last trading day, sbux or  hsic?",1,"top 10 things to watch in the stock market Wednesday 52 Min Ago CNBC.com Starbucks to hike wages for union workers as it thaws Workers United relationship 17 Hours Ago CNBC.com Cramer: How the Fed's rate-cut dilemma will play out — and 5 more themes for 2024 February 25, 2024 CNBC.com Ford, Disney, Costco and more — Jim Cramer provides his updated views on each February 23, 2024 CNBC.com How 3 stocks are navigating the economic tug-of-war between the U.S. and China February 21, 2024 CNBC.com Content From Our Affiliates Proxy Fight, Labor Troubles Hit Starbucks (NASDAQ:SBUX), Investors Unfazed February 20, 2024 TipRanks Starbucks call volume above normal and directionally bullish February 20, 2024 TipRanks Starbucks shareholder sends letter to",
dad08b92-d379-4130-98e7-fa0195c99348,what is the name of the qing dynasty's final ruler?,1,"file Special pages Permanent link Page information Cite this page Get shortened URL Download QR code Wikidata item Print/export Download as PDF Printable version In other projects Wikimedia Commons From Wikipedia, the free encyclopedia Emperor of the Great Qing 大清皇帝 Imperial Standard of the Qing Emperor Last to reign Xuantong Emperor 2 December 1908 – 12 February 1912 Details Style His Imperial Majesty (陛下) First monarch Chongde Emperor Last monarch Xuantong Emperor ( De jure ) Formation 1636 Abolition 12 February 1912 Residence Mukden Palace Forbidden City , Beijing Pretender(s) Jin Yuzhang The Qing dynasty (1636–1912) was a Manchu -led imperial Chinese dynasty and the last imperial dynasty of China. It was officially founded in 1636 in what is now",
e118b510-a348-4e4e-b2b0-fb5517896b32,"which star is brighter, sirius or alpha centauri?",2,"Astronomy Picture of the Day Index - Stars: Individual | Today's APOD | Title Search | Text Search | Editor's choices for the most educational Astronomy Pictures of the Day about individual stars: APOD: 2000 June 11 - Sirius: The Brightest Star in the Night Explanation: Sirius is the brightest star in the night sky. Sirius is visible on the far left of the above photograph, to the left of the constellation of Orion and Comet Hale-Bopp . Intrinsically, Sirius is over 20 times brighter than our Sun and over twice as massive. As Sirius is 8.7 light years distant, it is not the closest star system - the Alpha Centauri system holds this distinction. Sirius is called the Dog",
e15efed8-8bf5-45ec-9551-7f33225350b1,what was the venue of paris s-g's most recent fra-ligue 1 game? was it home or away?,1,Download_on_the_App_Store_Badge_US-UK_RGB_blk_4SVG_092917 calendar checkmark Path 2 Created with Sketch. Path 2 Created with Sketch. help icon_corner Icon / Player / Close icon_disallowed_goal social__dugout-white Created with Sketch. icon_start_stop enlarge2 facebook2 icon_start_stop icon_start_stop Button / Player - Fullscreen Goal Created with Sketch. help icon_post help location icon_miss onefootball pause icon_save icon_save “ icon_card_red enlarge2 icon_save snapchat icon_start_stop help Icon / Tick Created with Sketch. tv icon_user__out icon_user_out volume-high volume-low volume-medium volume-mute2 icon_card_yellow Home page [Access key '1'] Jump to main content [Access key '2'] Navigation [Access key '3'] Footer content [Access key '5'] PSG.FR Tickets Shop MyParis Stadium Tour Business Close Menu First Team Women PSG TV Search Search Button text Login / Register My Account Buy tickets My purchases Log out Français,
e2a1bb5b-c274-4c7a-8fbf-734bbe86d3c6,what's the trading volume does agrify corporation's stock have on the day it distributed dividends the last time?,1,"​ Screener Stock Ideas Top Analysts Pricing Try It for Just $1 Sign In Sign Up NASDAQ: AGFY Agrify Corp Stock Add to Watchlist Overview Earnings Dividend Ownership $0.52 -0.03 (-5.45%) Updated Feb 27, 2024 3M - 66.21% 1W - 9.3% 1M + 2.17% 3M - 66.21% 1Y - 93.47% All 1W - 9.3% 1M + 2.17% 3M - 66.21% 1Y - 93.47% All AGFY Price ﻿ $0.52 Fair Value Price N/A Market Cap ﻿ $879.54k 52 Week Low ﻿ $0.50 52 Week High ﻿ $9.00 P/E ﻿ 0.01x P/B ﻿ -0.04x P/S ﻿ 0.18x PEG ﻿ N/A Dividend Yield ﻿ N/A Revenue ﻿ $19.90M Earnings ﻿ -$77.16M Gross Margin ﻿ -155.3% Operating Margin ﻿ -371.72% Profit Margin ﻿ -387.8%",
e5b7b024-d9d8-406a-ad24-ccb127311f35,"for best actor award, in 2002 who received this?",1,"2002. [14] By virtue of its latest Best Picture victory for A Beautiful Mind , DreamWorks became the second film studio to release three consecutive Best Picture winners; the studio had previously released American Beauty and Gladiator . [15] Denzel Washington was the second African-American to win Academy Award for Best Actor , following Sidney Poitier for 1963's Lilies of the Field . [8] Halle Berry became the first, and as of 2023 [update] , only, African-American to win the Academy Award for Best Actress . [8] Nominated for their performances as the title character in Iris , Best Actress nominee Judi Dench , and Best Supporting Actress nominee Kate Winslet became the second pair of actresses nominated for portraying",
e82cb799-a236-400e-99ba-a8d90ca8eff9,what is an 18 sided shape called?,3,"Blurtit . Ask Topics Discover Sign in What Is A 17, 18,19 And 20 Sided Shape Called? 5 5 Answers Elizabeth Leake answered The names of the sided shapes as mentioned above are as follows: 17 sided shape A 17 sided shape is called a heptadecagon or a heptakaidecagon. This is part of the polygon shapes. 18 sided shape An 18 sided shape is called an octadecagon (octa meaning 8 and decagon meaning 10) 19 sided shape A 19 sided shape is called an enneadecagon (pronounced en-ee-deck-uh-gon) 20 sided shape A 20 sided shape is called an icsoagon. All of these shapes are from the polygon family. A polygon simply means that it is a shape that is bounded by",
ee0b351c-5a00-48e2-97c3-73f8a802cf91,"in 2008, which movie won the best visual effects category at the academy awards?",2,", Jim Berney , Scott Farrar War of the Worlds (2005) — Dennis Muren , Pablo Helman , Randal M. Dutra , Daniel Sudick 79th Academy Awards (2006) Winner Pirates of the Caribbean: Dead Man's Chest — John Knoll , Hal Hickel , Charles Gibson , Allen Hall Nominees Poseidon — Boyd Shermis , Kim Libreri , Chas Jarrett , John Frazier Superman Returns — Mark Stetson , Neil Corbould , Richard R. Hoover , Jon Thum 80th Academy Awards (2007) Winner The Golden Compass — Michael Fink , Bill Westenhofer , Ben Morris , Trevor Wood Nominees Pirates of the Caribbean: At World's End — John Knoll , Hal Hickel , Charles Gibson , John Frazier Transformers — Scott",
ff20865f-b6d3-4348-88a8-e46d865191ca,can you tell me the latest film that denis villeneuve has been involved in?,9,"dark future. Release Date October 22, 2021 Director Denis Villeneuve Cast Rebecca Ferguson , Zendaya Coleman , Jason Momoa , Timothee Chalamet , Josh Brolin , David Dastmalchian Runtime 155 Minutes Watch on Max 2 'Dune: Part Two' (2024) Image via Warner Bros. Though the prior film was itself a remarkable work, Dune: Part Two expands on everything that was being set up there in incredible fashion. While they perhaps should be considered one enormous film for those wanting to take it all in at once over several hours, this is still the part that works best. There is such a scale and wonder that it creates as we return to Arrakis even as you get the sense that danger",
